,Feeder_Category,CABLE_SIZE,No_of_times_exceeded_60_,LENGTH_OF_CABLE_MTRS_,NO__OF_JOINTS,AGE_YRS_,PILC,XLPE,DATE_ONLY,Average_Current,Peak_Current,Average_voltage,Peak_Voltage,target,Avg_Heat_Index,Peak_HI,Avg_humidity,Max_Humidity,Avg_TEMP,Max_TEMP,New_Summer,New_Monsoon,New_Winter,Feeder,Switch,Section Id,Pathid,Lat,Long,Feeder_Switch_ID_V1
0,0,2,0,586.6,7.0,36.0,1,1,08-01-2016,4.352916667,43.99,11.0471875,11.2,1,26.66751529,31.22482897,60.07864583,79.34,25.88791667,31.11,0,0,1,30462,10499,30462-10499-1,ApolloBandar,19.0007555,72.87692783,30462_10499_1
1,0,1,0,533.1,5.0,22.75098814229249,0,1,15-01-2016,4.416875,19.24,11.02166667,11.27,1,24.97567422,28.20256186,69.5909375,76.92,23.92708333,27.3,0,0,1,30462,10499,30462-10499-1,AzadMaidan,19.0001267,72.87703756,30462_10499_2
2,0,1,0,600.0,2.0,22.75098814229249,0,1,20-01-2016,14.33125,20.8,11.06614583,11.49,1,25.39410762,29.47917587,62.81375,73.11,23.75552083,29.36,0,0,1,30462,10499,30462-10499-1,MumbaiPortTrust,19.001115,72.87721174,30462_10499_3
3,0,0,0,682.5,5.0,23.0,1,0,25-01-2016,27.5353125,109.47,11.0,11.41,1,25.91446561,28.94234103,50.20145833,64.66,24.73489583,30.33,0,0,1,30462,10499,30462-10499-1,DrAmbedkarStatueChowkArea,19.000735,72.87730872,30462_10499_4
4,0,0,0,381.0,4.0,20.0,1,0,02-02-2016,0.845625,80.23,11.07791667,11.39,1,26.55376559,32.86373525,64.32864583,74.42,25.37291667,31.12,0,0,1,30462,10499,30462-10499-1,ApolloBandar,19.0050227,72.87892054,30462_10499_5
5,1,2,0,1613.43,21.0,22.75098814229249,1,1,05-02-2016,9.230416667,25.88,11.1046875,11.37,1,26.15847822,31.61253516,63.81625,77.25,25.17458333,30.9,0,0,1,30462,10499,30462-10499-1,ChhatrapatiShivajiTerminusArea,19.006666,72.87971431,30462_10499_6
6,0,2,0,908.0,3.0,22.75098814229249,1,0,17-02-2016,0.0,0.0,11.1275,11.34,0,26.77266653,31.91040682,66.22895833,80.83,25.93208333,30.73,0,0,1,30462,10499,30462-10499-3,AzadMaidan,19.0069082,72.87016005,30462_10499_7
7,0,0,0,1084.9,6.0,23.0,1,0,18-03-2016,58.21010417,137.21,11.16145833,11.4,1,30.9428615,37.86974581,76.82541667,92.66,27.88989583,32.35,1,0,0,30462,10499,30462-10499-1,KalaGhoda,19.009783,72.87205293,30462_10499_8
8,0,0,0,869.43,5.0,32.0,1,1,24-03-2016,60.77322917,71.58,10.97260417,11.12,0,30.64528286,35.80659905,64.60625,87.42,28.71072917,33.43,1,0,0,30462,10499,30462-10499-3,BallardEstate,19.013842,72.87236155,30462_10499_9
9,0,2,0,880.0,14.0,42.0,1,0,28-03-2016,27.92958333,98.03,11.00375,11.31,1,33.41387003,42.54965209,61.15625,77.8,30.33697917,35.93,1,0,0,30462,10499,30462-10499-1,MangalWadi,19.0267671,72.87338546,30462_10499_10
10,1,0,0,1003.0,3.0,20.0,1,0,28-03-2016,0.1,0.1,0.0,0.0,0,33.41387003,42.54965209,61.15625,77.8,30.33697917,35.93,1,0,0,30462,10499,30462-10499-1,FanasWadi,19.0314646,72.87724121,30462_10499_11
11,0,0,7,1609.71,26.0,20.0,1,1,07-04-2016,48.6834375,166.12,10.81583333,11.1,1,33.58337783,38.9240328,75.6984375,91.09,29.15864583,33.62,1,0,0,30462,10499,30462-10499-1,MarineLineEast,19.038779,72.8772727,30462_10499_12
12,0,0,7,1609.71,26.0,20.0,1,1,07-04-2016,48.6834375,166.12,10.81583333,11.1,1,33.58337783,38.9240328,75.6984375,91.09,29.15864583,33.62,1,0,0,30462,10499,30462-10499-3,Bhagatvadi,19.0401266,72.87721231,30462_10499_13
13,0,0,7,1609.71,26.0,20.0,1,1,07-04-2016,48.6834375,166.12,10.81583333,11.1,1,33.58337783,38.9240328,75.6984375,91.09,29.15864583,33.62,1,0,0,30462,10499,30462-10499-3,Panjarpole,19.046767,72.87297394,30462_10499_14
14,0,0,7,1609.71,26.0,20.0,1,1,07-04-2016,48.6834375,166.12,10.81583333,11.1,1,33.58337783,38.9240328,75.6984375,91.09,29.15864583,33.62,1,0,0,30462,10499,30462-10499-3,MumbadeviArea,19.052678,72.87157992,30462_10499_15
15,0,1,7,2023.7,5.0,8.0,0,1,07-04-2016,101.6425,208.99,11.00010417,11.2,1,33.58337783,38.9240328,75.6984375,91.09,29.15864583,33.62,1,0,0,30462,10499,30462-10499-3,GulalWadi,19.0820338,72.87198161,30462_10499_16
16,0,0,0,540.6,2.0,19.0,1,1,08-04-2016,5.373333333,126.66,11.05333333,11.33,1,34.93122045,42.3071532,69.66541667,85.97,30.15,34.82,1,0,0,30462,10499,30462-10499-1,MangalWadi,19.138406,72.87506036,30462_10499_17
17,0,0,7,483.0,5.0,34.0,1,1,15-04-2016,114.3497917,161.62,11.0346875,11.21,0,34.14912395,43.1778862,79.12854167,92.46,29.07708333,33.65,1,0,0,30462,10499,30462-10499-1,ChampaWadi,19.9302137,72.87682763,30462_10499_18
18,1,0,0,2430.0,17.0,14.0,1,1,17-04-2016,0.1,0.1,11.1403125,11.32,0,32.78997195,40.28963148,82.921875,93.23,28.19802083,32.17,1,0,0,30462,10499,30462-10499-1,AnantWadi,19.9447297,72.87612493,30462_10499_19
19,2,1,4,1092.0,10.0,5.0,0,1,22-04-2016,155.7604167,195.0,11.12270833,11.32,0,32.97310132,38.04778183,79.72947917,86.26,28.39802083,30.79,1,0,0,30462,10499,30462-10499-6,FanasWadi,19.9198937,72.87751523,30462_10499_20
20,0,1,0,1418.4,4.0,7.0,0,1,23-04-2016,9.084375,18.85,11.06302083,11.22,1,34.04847904,40.68694499,80.5246875,85.18,28.70791667,31.6,1,0,0,30462,10499,30462-10499-6,ChippiChawl,19.9129437,72.87707253,30462_10499_21
21,0,1,7,1615.5,5.0,5.0,0,1,24-04-2016,156.0,208.24,10.9825,11.24,0,33.42459015,39.44511368,80.1521875,85.62,28.52385417,31.45,1,0,0,30462,10499,30462-10499-6,ZaveriBazaar,19.9059467,72.87597883,30462_10499_22
22,0,2,3,1380.0,16.0,32.0,1,1,28-04-2016,6.548229167,132.96,10.97885417,11.26,1,39.09205901,48.34911516,73.78604167,85.82,31.093125,34.82,1,0,0,30462,10499,30462-10499-6,Gaiwadi,19.8906737,72.87571273,30462_10499_23
23,1,0,0,1003.0,3.0,20.0,1,0,29-04-2016,0.078125,0.1,0.0,0.0,1,36.12257558,43.38753868,74.1734375,82.41,30.06697917,33.78,1,0,0,30462,10499,30462-10499-6,Pungeswari,19.8774177,72.87621803,30462_10499_24
24,0,2,7,1139.9,7.0,22.75098814229249,1,1,29-04-2016,11.13635417,144.21,10.9915625,11.28,1,36.12257558,43.38753868,74.1734375,82.41,30.06697917,33.78,1,0,0,30462,10499,30462-10499-6,Thakurdwar,19.9094737,72.87946903,30462_10499_25
25,1,0,0,920.6,5.0,20.0,1,0,29-04-2016,0.078125,0.1,0.0,0.0,1,36.12257558,43.38753868,74.1734375,82.41,30.06697917,33.78,1,0,0,30462,10501,10501-7990-2,LoharChawl,19.8854707,72.87391213,30462_10501_26
26,0,1,0,438.05,4.0,3.0,0,1,30-04-2016,30.32236559,39.42,11.01822917,11.23,0,37.76338687,45.48431684,82.98260417,92.52,29.884375,34.12,1,0,0,30462,10501,10501-7990-2,Bhangwadi,19.8791297,72.87479403,30462_10501_27
27,1,0,0,2173.8,11.0,15.0,1,0,01-05-2016,0.1,0.1,10.97885417,11.2,0,36.50485574,44.31631661,83.7559375,92.89,29.41020833,33.01,1,0,0,30462,10501,10501-7990-2,Bhangwadi,19.3379794,72.875306,30462_10501_28
28,2,0,0,835.1,8.0,15.0,1,1,14-05-2016,42.11104167,56.42,11.071875,11.29,0,42.27717774,49.41314651,86.45104167,92.75,30.7840625,33.58,1,0,0,30462,10501,10501-7990-2,Sonapur,19.3399794,72.875316,30462_10501_29
29,0,1,5,770.0,3.0,35.0,1,1,17-05-2016,46.58625,144.4,11.02416667,11.24,1,42.23034196,49.71246692,87.1221875,92.88,30.70635417,33.52,1,0,0,30462,10501,10501-7990-2,Kumbharwada,19.3384794,72.875326,30462_10501_30
30,1,0,4,849.0,18.0,40.0,1,1,17-05-2016,8.475104167,202.88,11.05052083,11.25,1,42.23034196,49.71246692,87.1221875,92.88,30.70635417,33.52,1,0,0,30462,10501,10501-7990-2,ChippiChawl,19.3374794,72.875266,30462_10501_31
31,0,0,7,550.0,10.0,15.0,1,0,20-05-2016,113.26,165.33,10.881875,11.13,0,43.71640551,50.88505653,84.516875,90.58,31.35739583,34.11,1,0,0,30462,10501,10501-7990-2,LoharChawl,19.3377794,72.87472423,30462_10501_32
32,0,1,0,960.0,4.0,6.0,0,1,21-05-2016,57.775,75.95,10.97197917,11.18,1,43.81713938,49.01716061,83.6084375,89.64,31.47979167,33.78,1,0,0,30462,10501,10501-7990-2,ChippiChawl,19.3386667,72.874412,30462_10501_33
33,0,1,7,2300.0,14.0,10.0,0,1,24-05-2016,135.4734375,289.46,11.05270833,11.28,1,43.46514875,50.27764031,82.99791667,89.56,31.46270833,34.23,1,0,0,30462,10501,10501-7990-2,Chinchbunder,19.3164557,72.87325973,30462_10501_34
34,0,0,7,1250.0,9.571917808219178,30.0,1,1,26-05-2016,71.7546875,167.84,10.985,11.2,1,43.03405496,49.53002181,82.09375,87.32,31.42739583,34.19,1,0,0,30462,10501,10501-7990-2,DanaBandar,19.3407307,72.87527643,30462_10501_35
35,1,0,0,593.0,3.0,22.0,1,0,27-05-2016,18.46,18.46,11.02322917,11.23,0,42.34956794,49.03189411,81.31739583,88.75,31.3375,34.09,1,0,0,30462,10501,10501-7990-4,Pydhonie,19.3820999,72.87856416,30462_10501_36
36,1,0,5,849.0,18.0,40.0,1,1,28-05-2016,9.120416667,183.92,10.97947917,11.28,1,42.84830624,49.83049047,81.41697917,88.62,31.46895833,34.41,1,0,0,30462,10501,10501-7990-2,GulalWadi,19.3852207,72.87962283,30462_10501_37
37,2,0,7,1148.5,5.0,22.75098814229249,1,1,30-05-2016,156.0,178.81,11.0596875,11.34,0,42.84552268,49.03807418,80.96854167,88.21,31.51927083,33.85,1,0,0,30462,10501,10501-7990-5,Panjarpole,19.3264227,72.87650603,30462_10501_38
38,0,0,2,755.0,3.0,23.0,1,0,03-06-2016,5.897916667,145.33,10.26229167,11.34,1,42.19049084,47.85059743,78.8546875,86.06,31.59114583,34.59,1,0,0,30462,10501,10501-7990-2,MumbadeviArea,19.2425866,72.87184115,30462_10501_39
39,0,1,7,2487.0,18.0,12.0,0,1,04-06-2016,104.5417708,266.79,10.9721875,11.26,1,43.22014764,48.4327468,82.18479167,87.58,31.46760417,34.25,1,0,0,30462,10501,10501-7990-2,BhendiBazaar,19.3858597,72.87044803,30462_10501_40
40,2,1,7,365.0,1.0,12.0,0,1,05-06-2016,156.0,214.36,11.04375,11.32,1,42.42151359,46.71351356,83.26395833,89.84,31.12270833,33.5,1,0,0,30462,10501,10501-7990-2,NullBazar,19.3891347,72.87162503,30462_10501_41
41,1,2,0,1253.0,16.0,22.75098814229249,1,1,05-06-2016,1.44375,1.45,11.01583333,11.24,0,42.42151359,46.71351356,83.26395833,89.84,31.12270833,33.5,1,0,0,30462,10501,10501-7990-2,Pydhonie,19.3958827,72.87220333,30462_10501_42
42,0,0,7,640.0,10.0,18.0,1,0,09-06-2016,21.2590625,207.04,11.07145833,11.37,1,44.03069333,49.92312273,82.17114583,88.0,31.69385417,34.27,1,0,0,30462,10501,10501-7990-2,ChippiChawl,19.4215687,72.87372073,30462_10501_43
43,1,1,0,533.7,7.0,21.0,1,0,09-06-2016,12.66104167,110.26,11.06885417,11.37,1,44.03069333,49.92312273,82.17114583,88.0,31.69385417,34.27,1,0,0,30462,10501,10501-7990-2,MasjidBandarEast,19.4698617,72.87988603,30462_10501_44
44,0,0,7,1605.7,18.0,21.0,1,0,10-06-2016,27.98895833,185.06,11.0871875,11.42,1,44.55958364,49.40772716,83.21322917,88.49,31.71197917,33.97,1,0,0,30462,10501,10501-7990-2,MasjidBandarWest,19.4782177,72.87989573,30462_10501_45
45,0,1,7,1040.0,8.0,12.0,0,1,10-06-2016,145.2055208,206.59,10.65770833,11.09,0,44.55958364,49.40772716,83.21322917,88.49,31.71197917,33.97,1,0,0,30462,10501,10501-7990-7,Thakurdwar,19.4950777,72.87036243,30462_10501_46
46,0,1,0,2487.0,3.0,6.0,0,1,19-06-2016,75.19625,170.61,10.95260417,11.19,1,39.02452872,43.97388594,88.554375,97.38,29.68166667,31.67,1,0,0,30462,10501,10501-7990-9,ChorBazaar,19.5508727,72.87291663,30462_10501_47
47,0,0,0,760.0,2.0,16.0,1,1,23-06-2016,29.29604167,70.72,11.088125,11.3,1,33.78643798,40.9906267,93.73708333,100.0,27.86083333,30.9,1,0,0,30462,10501,10501-7990-2,ShapurBaug,19.5509727,72.87292663,30462_10501_48
48,0,0,2,933.8,10.0,20.0,1,1,24-06-2016,29.636875,144.38,11.00770833,11.3,1,32.62931506,42.41436965,95.79291667,100.0,27.39083333,30.79,1,0,0,30462,10501,10501-7990-2,Khetwadi,19.5511727,72.87294663,30462_10501_49
49,0,0,0,1381.0,24.0,25.0,1,1,24-06-2016,17.19239583,80.31,10.2009375,11.2,1,32.62931506,42.41436965,95.79291667,100.0,27.39083333,30.79,1,0,0,30462,10501,10501-7990-2,ShapurBaug,19.5515727,72.87298663,30462_10501_50
50,0,0,0,580.6,7.0,22.75098814229249,1,0,28-06-2016,0.1,0.1,10.93572917,11.21,0,30.10608281,37.25290017,99.2084375,100.0,26.51177083,28.71,1,0,0,30462,12850,37574-12850-5,OperaHouse,19.5238127,72.87524573,30462_12850_51
51,0,2,0,1365.93,26.0,31.0,1,1,30-06-2016,29.98,29.98,11.11697917,11.52,0,29.72093144,37.48469857,97.52875,100.0,26.44770833,29.27,1,0,0,30462,12850,37574-12850-5,CawasjiPatelTank,19.5069917,72.87591573,30462_12850_52
52,1,0,0,849.0,18.0,40.0,1,1,04-07-2016,9.505520833,129.62,10.98614583,11.25,1,30.13895833,37.34,99.0715625,100.0,26.5175,28.91,0,1,0,30462,12850,37574-12850-5,GulalWadi,19.4850877,72.87467283,30462_12850_53
53,0,0,0,691.21,4.0,26.0,1,1,15-07-2016,12.21,12.21,11.10635417,11.35,0,32.168125,40.46,95.5209375,100.0,27.290625,30.23,0,1,0,30462,12850,37574-12850-5,Khotachiwadi,19.4683387,72.87402963,30462_12850_54
54,2,0,0,544.7,10.0,20.0,1,0,17-07-2016,43.659375,62.6,10.998125,11.19,0,32.831875,39.31,95.935625,100.0,27.47177083,29.92,0,1,0,30462,12850,37574-12850-5,Ambewadi,19.4675187,72.87175543,30462_12850_55
55,0,2,0,384.0,1.0,22.75098814229249,1,0,07-08-2016,0.0,0.0,11.0975,11.39,0,31.38821023,37.81135972,96.79239583,100.0,26.98135417,29.02,0,1,0,30462,12850,37574-12850-5,GaneshWadi,19.4626707,72.87398193,30462_12850_56
56,1,0,0,2173.8,11.0,15.0,1,0,10-08-2016,0.1,0.1,11.05166667,11.3,0,32.00023099,35.57753315,91.71572917,97.36,27.366875,28.65,0,1,0,30462,12850,37574-12850-5,Khetwadi,19.4535397,72.87399373,30462_12850_57
57,0,1,0,811.2,2.0,12.0,0,1,12-08-2016,11.32083333,135.97,11.14322917,11.38,1,33.92877412,40.42670174,96.26354167,100.0,27.75052083,29.9,0,1,0,30462,12850,37574-12850-5,Bhatwadi,19.3856597,72.87022973,30462_12850_58
58,0,1,0,1130.5,4.0,10.0,0,1,14-08-2016,33.1853125,40.53,11.015,11.22,1,33.55463988,38.37249507,94.17416667,99.95,27.7365625,29.33,0,1,0,30462,12850,37574-12850-5,ShapurBaug,19.007248,72.87641853,30462_12850_59
59,1,1,0,533.7,7.0,21.0,1,0,21-08-2016,25.29,37.4,11.01708333,11.1,1,35.7783619,41.9099686,92.88520833,100.0,28.45354167,30.58,0,1,0,30462,12850,37574-12850-5,MangalWadi,19.0046194,72.87640956,30462_12850_60
60,0,1,0,1480.5,10.0,10.0,0,1,28-08-2016,11.8915625,43.13,10.96697917,11.18,1,30.2739905,37.14978937,99.5959375,100.0,26.52864583,28.6,0,1,0,30462,12850,37574-12850-5,OperaHouse,19.001019,72.87651513,30462_12850_61
61,0,1,0,1130.5,4.0,10.0,0,1,06-09-2016,42.48,42.48,11.06322917,11.23,0,33.09106028,40.8744548,87.51125,93.81,27.95010417,30.97,0,1,0,30462,12850,37574-12850-9,ApolloBandar,19.0011784,72.87690815,30462_12850_62
62,1,0,0,2202.4,15.0,20.0,1,0,10-09-2016,2.0,2.0,11.183125,11.43,0,32.43936148,40.88779623,93.59166667,100.0,27.48052083,30.52,0,1,0,30462,12850,37574-12850-4,AzadNagar,19.000835,72.87731872,30462_12850_63
63,0,2,0,201.6,4.0,42.0,1,1,21-09-2016,15.79510417,88.18,11.03427083,11.25,1,26.35729366,31.28649383,99.32291667,100.0,25.32489583,26.97,0,1,0,30462,12850,37574-12850-5,MachimarNagar,19.006391,72.8797224,30462_12850_64
64,1,2,0,1613.43,21.0,22.75098814229249,1,1,23-09-2016,29.79,29.79,11.12864583,11.26,0,29.52338843,36.15538116,99.8271875,100.0,26.28666667,28.16,0,1,0,30462,12850,37574-12850-5,GaneshMurtiNagar,19.006766,72.87972431,30462_12850_65
65,1,0,0,1275.3,10.0,20.0,1,0,25-09-2016,0.1,0.1,10.84520833,11.09,0,29.43401635,34.65421466,95.07885417,100.0,26.3603125,28.27,0,1,0,30462,12850,37574-12850-5,MachimarNagar,19.0070082,72.87017005,30462_12850_66
66,0,1,0,1340.0,5.0,10.0,0,1,04-10-2016,0.0,0.0,11.03458333,11.28,0,27.15715459,30.7661533,98.23958333,100.0,25.6159375,26.91,0,1,0,30462,12850,37574-12850-5,ApolloBandar,19.013942,72.87237155,30462_12850_67
67,0,0,0,582.8,20.0,15.0,1,1,09-10-2016,0.1,0.1,11.006875,11.17,0,32.51250118,42.1740966,93.90125,100.0,27.44604167,30.92,0,1,0,30462,12850,37574-12850-5,BabasahebAmbedkarNagar,19.024792,72.87317626,30462_12850_68
68,0,1,0,1340.0,5.0,10.0,0,1,11-10-2016,0.0,0.0,11.0884375,11.28,0,33.7589348,43.2981746,92.61979167,100.0,27.93510417,31.41,0,1,0,30462,12850,37574-12850-5,BackbayReclamation,19.038879,72.8772447,30462_12850_69
69,0,0,0,1150.0,25.0,17.0,1,1,12-10-2016,14.18572917,119.52,11.10770833,11.39,1,32.37452049,40.13350504,91.27302083,100.0,27.5871875,30.72,0,1,0,30462,12850,37574-12850-5,GaneshMurtiNagar,19.046867,72.87298394,30462_12850_70
70,0,0,0,1084.9,6.0,23.0,1,0,13-10-2016,0.1,0.1,11.13197917,11.33,1,32.25334017,41.23611155,87.74552083,96.86,27.71322917,31.74,0,1,0,30462,12850,37574-12850-5,NewNavyNagar,19.0484089,72.87256838,30462_12850_71
71,0,0,0,869.43,5.0,32.0,1,1,26-10-2016,25.71354167,93.26,11.01135417,11.15,1,29.94409723,39.28861593,77.14260417,90.13,27.41541667,32.9,0,1,0,30462,12850,37574-12850-1,OldNavyNagar,19.056441,72.87055082,30462_12850_72
72,1,0,0,593.0,3.0,22.0,1,0,30-10-2016,18.07,18.07,11.06760417,11.3,0,29.26244479,35.56880955,65.86791667,82.22,27.62197917,33.12,0,1,0,30462,12850,37574-12850-6,AzadNagar,19.0821338,72.87199161,30462_12850_73
73,0,0,0,1812.4,13.0,22.0,1,0,04-11-2016,65.5890625,74.12,10.89541667,11.22,0,29.64121318,34.829275,56.37635417,67.98,28.27645833,32.83,0,0,1,30462,12850,37574-12850-5,NavyNagar,19.091798,72.8799139,30462_12850_74
74,1,1,0,1904.23,16.0,29.0,1,1,04-11-2016,0.1,0.1,10.88645833,11.25,0,29.64121318,34.829275,56.37635417,67.98,28.27645833,32.83,0,0,1,30462,12850,37574-12850-5,KempsCorner,19.149768,72.87428721,30462_12850_75
75,0,0,0,1200.0,1.0,25.0,1,1,15-11-2016,0.0,0.0,11.00677083,11.21,0,28.50176347,35.76328321,65.34104167,84.23,27.38604167,33.9,0,0,1,30462,12852,12852-37610-6,KhareghatColony,19.9262118,72.87820933,30462_12852_76
76,0,2,0,1078.3,10.0,42.0,1,0,17-11-2016,10.82395833,51.86,11.02552083,11.17,1,29.01596149,35.96891312,64.06947917,83.89,27.47604167,34.14,0,0,1,30462,12852,12852-37610-6,DadiShethWadi,19.9448297,72.87617293,30462_12852_77
77,1,1,0,745.6,7.0,22.75098814229249,1,0,23-11-2016,28.76010417,37.79,11.00729167,11.21,1,27.95688481,34.63766307,58.54260417,79.82,27.25791667,34.33,0,0,1,30462,12852,12852-37610-6,SimlaNagar,19.9524147,72.87614963,30462_12852_78
78,1,1,0,501.0,1.0,42.0,1,0,04-12-2016,11.83145833,88.19,11.07885417,11.32,1,29.85703847,38.06196736,65.9296875,79.63,27.64208333,34.43,0,0,1,30462,12852,12852-37610-6,Walkeshwar,19.9780306,72.87478413,30462_12852_79
79,0,1,0,465.0,9.571917808219178,7.0,0,1,15-12-2016,0.0,0.0,11.06072917,11.36,0,28.41034922,34.35724807,61.45010417,73.83,27.1553125,32.85,0,0,1,30462,12852,12852-37610-6,DalalEstate,19.9199937,72.87752523,30462_12852_80
80,2,0,0,544.7,10.0,20.0,1,0,24-12-2016,6.711979167,73.34,10.98270833,11.17,1,26.34864381,33.35488083,64.6171875,78.54,25.16302083,32.09,0,0,1,30462,12852,12852-37610-6,BharatNagar,19.8987957,72.87601723,30462_12852_81
81,1,2,0,737.0,11.0,42.0,1,1,25-12-2016,10.84,10.84,11.14239583,11.28,0,25.59319833,33.85213521,69.52239583,85.92,24.879375,32.28,0,0,1,30462,12852,12852-37610-6,GowaliaTank,19.8907737,72.87572273,30462_12852_82
82,0,0,0,859.1,10.0,42.0,1,1,01-01-2017,0.0,0.0,10.96125,11.26,0,26.92778172,32.43398788,59.61145833,77.88,26.1053125,33.12,0,0,1,30462,12852,12852-37610-6,BharatNagar,19.8775177,72.87622803,30462_12852_83
83,1,1,0,760.0,9.0,12.0,0,1,09-01-2017,11.0859375,70.41,2.889166667,11.2,1,25.06985211,29.73923795,66.39145833,82.02,24.216875,28.71,0,0,1,30462,12852,12852-37610-6,Talmakiwadi,19.8732337,72.87583213,30462_12852_84
84,1,1,0,745.6,7.0,22.75098814229249,1,0,17-01-2017,7.4725,29.59,11.03770833,11.2,1,25.81300825,31.58009574,63.605625,80.08,24.9109375,30.91,0,0,1,30462,12852,12852-37610-6,GrantRoadEast,19.9237547,72.87845013,30462_12852_85
85,2,2,0,583.3,9.0,20.0,1,0,19-01-2017,22.17,22.17,10.98729167,11.24,0,25.6198129,31.54507071,62.2715625,77.79,24.53229167,30.81,0,0,1,30462,12852,12852-37610-6,Nagpada,19.9173597,72.87877523,30462_12852_86
86,0,1,0,990.0,1.0,10.0,0,1,26-01-2017,0.1,0.1,11.071875,11.32,0,27.37546363,32.10186073,53.48875,64.2,26.44302083,32.54,0,0,1,30462,12852,12852-37610-6,ZoroastrianColony,19.9059387,72.87049613,30462_12852_87
87,0,0,0,550.0,2.0,31.0,1,0,28-01-2017,23.18177083,81.98,10.97958333,11.2,1,27.98977332,34.01438253,51.31875,68.48,27.11927083,33.68,0,0,1,30462,12852,12852-37610-6,KempsCorner,19.9020507,72.87132873,30462_12852_88
88,0,0,0,715.4,5.0,20.0,1,1,30-01-2017,22.62,22.62,11.01020833,11.2,0,27.54718953,32.68057541,48.62916667,62.77,26.75385417,33.57,0,0,1,30462,12852,12852-37610-6,GrantRoad(W),19.8855707,72.87392213,30462_12852_89
89,1,1,0,745.6,7.0,22.75098814229249,1,0,06-02-2017,27.1253125,32.13,10.9965625,11.24,1,24.87045431,29.88047148,66.4615625,79.92,23.94802083,29.01,0,0,1,30462,12852,12852-37610-6,ShapurBaug,19.36667794,72.87527,30462_12852_90
90,0,0,0,472.5,18.0,20.0,1,1,25-02-2017,15.53,15.53,11.0421875,11.45,1,29.53561197,36.16134776,47.3953125,68.78,29.08552083,36.97,0,0,1,30462,12852,12852-37610-6,BharatNagar,19.34466794,72.875286,30462_12852_91
91,1,0,0,920.6,5.0,20.0,1,0,02-03-2017,0.0,0.0,11.00458333,11.28,0,28.77466574,35.04366891,48.14708333,61.96,28.19833333,33.88,1,0,0,30462,12852,12852-37610-6,AnandNagar,19.33662794,72.875726,30462_12852_92
92,0,0,0,1041.0,12.0,22.0,1,1,03-03-2017,0.659479167,53.81,11.02479167,11.3,1,29.1738979,35.10486244,55.655,71.9,28.10302083,33.36,1,0,0,30462,12852,12852-37610-6,GamadiaColony,19.33885794,72.875276,30462_12852_93
93,2,2,0,894.6,12.0,42.0,1,1,25-03-2017,6.423645833,64.17,11.086875,11.34,1,32.69646733,42.42598613,63.84854167,78.19,29.5834375,35.16,1,0,0,30462,12852,12852-37610-6,BaneCompound,19.3331957,72.87477223,30462_12852_94
94,0,2,0,1139.9,7.0,22.75098814229249,1,1,30-03-2017,0.0,0.0,10.93145833,11.26,0,35.04040655,43.52019559,80.65583333,87.25,29.10822917,33.28,1,0,0,30462,12852,12852-37610-6,Talmakiwadi,19.3195837,72.874422,30462_12852_95
95,0,1,0,2487.0,3.0,6.0,0,1,31-03-2017,41.60763441,115.53,10.95447917,11.12,1,34.4748285,44.24785057,72.39177083,88.33,29.76114583,34.12,1,0,0,30462,12852,12852-37610-6,ZoroastrianColony,19.3194837,72.87389523,30462_12852_96
96,2,1,0,2151.4,7.0,22.75098814229249,0,1,02-04-2017,45.80041667,84.47,11.07479167,11.2,1,32.67351863,40.16093219,74.94520833,89.31,28.89447917,33.65,1,0,0,30462,12852,12852-37610-6,PapanasWadi,19.3077617,72.87259913,30462_12852_97
97,0,0,0,381.0,4.0,20.0,1,0,04-04-2017,53.93604167,75.42,11.0240625,11.27,0,32.67351863,40.16093219,74.94520833,89.31,28.89447917,33.65,1,0,0,30462,12852,12852-37610-6,Chikalwadi,19.2931854,72.87180077,30462_12852_98
98,0,1,0,1040.0,8.0,12.0,0,1,07-04-2017,114.4002083,160.03,11.04052083,11.16,0,30.66610788,36.71462925,67.4334375,84.85,28.3271875,32.79,1,0,0,30462,12852,12852-37610-6,Model Town,19.1957854,72.87170377,30462_12852_99
99,0,1,0,1040.0,8.0,12.0,0,1,08-04-2017,109.5004167,133.11,11.02447917,11.14,0,29.81481069,37.38603872,60.58239583,78.04,28.1675,33.94,1,0,0,30462,12852,12852-37610-6,SV Patel Nagar,19.3691927,72.87661893,30462_12852_100
100,0,0,0,640.0,10.0,18.0,1,0,16-04-2017,39.99552083,58.61,11.09697917,11.36,0,35.02514642,44.43004959,68.93385417,87.53,30.44760417,35.49,1,0,0,30470,11698,11698-36827-4,Mudran Press Colony,19.3737237,72.87719403,30470_11698_101
101,0,0,0,691.21,4.0,26.0,1,1,21-04-2017,13.77,13.77,10.97760417,11.23,0,35.43914212,42.12831422,72.61541667,83.02,29.98427083,33.78,1,0,0,30470,11698,11698-36827-4,Azad Nagar,19.3784337,72.87781203,30470_11698_102
102,1,0,0,802.0,4.0,22.75098814229249,1,1,21-04-2017,0.1,0.1,11.1796875,11.41,1,35.43914212,42.12831422,72.61541667,83.02,29.98427083,33.78,1,0,0,30470,11698,11698-36827-4,Bhudargarh Colony,19.1968157,72.87027243,30470_11698_103
103,0,0,0,142.8,4.0,22.75098814229249,1,0,23-04-2017,2.2728125,69.63,0.464791667,11.29,1,35.07584585,42.21667572,72.02625,83.04,29.89875,33.96,1,0,0,30470,11698,11698-36827-4,Amboli,19.2765367,72.87072653,30470_11698_104
104,0,0,0,1880.8,6.0,21.0,1,1,29-04-2017,0.0,0.0,11.10427083,11.36,0,33.87800501,41.33323843,73.62083333,84.01,29.30916667,33.55,1,0,0,30470,11698,11698-36827-4,Tepgaon,19.3859597,72.87045803,30470_11698_105
105,2,1,7,481.2,1.0,22.75098814229249,0,1,05-05-2017,64.1090625,221.99,11.06302083,11.38,1,39.41087308,47.36177721,76.45489583,85.71,30.98177083,34.32,1,0,0,30470,11698,11698-36827-4,Four Bungalows,19.3892347,72.87167203,30470_11698_106
106,0,0,0,1561.75,13.0,19.0,1,1,10-05-2017,34.71354167,108.32,6.440416667,11.35,0,37.78452896,45.9394831,75.786875,84.04,30.515,34.25,1,0,0,30470,11698,11698-36827-4,Navneeth Colony,19.4040797,72.87257063,30470_11698_107
107,0,0,0,1148.0,15.0,15.0,1,0,13-05-2017,18.36104167,102.44,11.10645833,11.32,1,37.98379083,48.12189486,72.04333333,83.94,30.93895833,35.0,1,0,0,30470,11698,11698-36827-4,Gilbert Hill,19.4135827,72.87298473,30470_11698_108
108,0,1,3,1800.0,15.0,5.0,0,1,13-05-2017,13.03354167,245.79,11.01197917,11.23,1,37.98379083,48.12189486,72.04333333,83.94,30.93895833,35.0,1,0,0,30470,11698,11698-36827-4,D.N.Nagar,19.4067817,72.87000853,30470_11698_109
109,2,1,5,1535.0,26.0,29.0,1,1,15-05-2017,9.35,155.61,11.04958333,11.43,1,38.38658747,44.95507945,75.3209375,83.99,30.77864583,33.89,1,0,0,30470,11698,11698-36827-4,Munshi Nagar,19.4259267,72.87022623,30470_11698_110
110,1,1,0,1755.14,8.0,7.0,0,1,18-05-2017,60.79541667,109.99,11.01447917,11.23,1,39.09960022,46.21449262,75.80989583,83.1,30.96135417,34.69,1,0,0,30470,11698,11698-36827-4,Lohana Colony,19.4518247,72.87984413,30470_11698_111
111,0,0,0,1123.7,10.0,18.0,1,1,20-05-2017,0.0,0.0,10.67135417,10.91,0,37.71464309,43.85436014,72.570625,81.46,30.8340625,34.32,1,0,0,30470,11698,11698-36827-4,Kapaswadi,19.4650577,72.87966753,30470_11698_112
112,1,0,0,1538.58,13.0,21.0,1,1,21-05-2017,31.87020833,52.51,11.00864583,11.36,1,36.7133094,42.73463382,69.87802083,78.02,30.73604167,34.18,1,0,0,30470,11698,11698-36827-4,Versova,19.0596036,72.87942175,30470_11698_113
113,0,1,7,974.35,4.0,22.75098814229249,0,1,27-05-2017,156.0,279.67,11.05125,11.34,1,39.6792576,46.38624614,74.861875,80.21,31.20489583,34.29,1,0,0,30470,11698,11698-36827-4,Mota Nagar,19.077611,72.87311264,30470_11698_114
114,0,0,5,885.0,13.0,15.0,1,0,27-05-2017,8.4109375,159.67,0.0,0.0,1,39.6792576,46.38624614,74.861875,80.21,31.20489583,34.29,1,0,0,30470,11698,11698-36827-4,Sher E Punjab Colony,19.096031,72.87877384,30470_11698_115
115,0,2,0,1736.63,2.0,42.0,1,1,27-05-2017,0.1,0.1,11.03052083,11.25,0,39.6792576,46.38624614,74.861875,80.21,31.20489583,34.29,1,0,0,30470,11698,11698-36827-4,Malpa Dongri,19.11442,72.8767282,30470_11698_116
116,0,0,5,766.7,14.0,17.0,1,0,02-06-2017,9.873333333,189.61,11.1134375,11.43,1,38.75633893,47.68128625,79.2171875,91.67,30.52322917,34.74,1,0,0,30470,11698,11698-36827-4,Jijamata Colony,19.9383357,72.87607983,30470_11698_117
117,0,1,7,1250.0,10.0,42.0,1,1,05-06-2017,23.32125,166.19,11.02677083,11.38,1,40.26906222,47.19354951,76.6246875,86.31,31.2446875,34.58,1,0,0,30470,11698,11698-36827-4,Natwar Nagar,19.9653097,72.87555613,30470_11698_118
118,0,1,6,1250.0,16.0,22.75098814229249,0,1,07-06-2017,15.71770833,237.03,11.0490625,11.38,1,36.04250221,44.03983997,77.4309375,88.51,29.71552083,33.91,1,0,0,30470,11698,11698-36827-4,Shanti Nagar,19.9236547,72.87844013,30470_11698_119
119,0,1,7,1023.0,7.0,10.0,0,1,08-06-2017,156.0,205.9,11.05385417,11.36,0,33.11056574,42.00956346,82.5121875,92.46,28.37239583,32.87,1,0,0,30470,11698,11698-36827-4,Gundavali Gaothan,19.9172597,72.87876523,30470_11698_120
120,1,1,0,745.6,7.0,22.75098814229249,1,0,09-06-2017,22.22875,50.68,11.06239583,11.4,1,32.88867907,41.94885393,84.31052083,93.34,28.17447917,32.84,1,0,0,30470,11698,11698-36827-4,Gundavali,19.9058387,72.87048613,30470_11698_121
121,0,0,0,582.8,20.0,15.0,1,1,11-06-2017,10.64,10.64,10.20177083,11.17,1,32.4581145,40.12809391,86.57416667,92.08,27.78489583,31.28,1,0,0,30470,11698,11698-36827-4,Azad Nagar,19.9019507,72.87131873,30470_11698_122
122,1,0,3,414.0,1.0,34.0,1,1,21-06-2017,5.51125,176.55,11.05364583,11.26,1,37.04283176,44.00546996,79.2521875,89.62,29.8790625,32.85,1,0,0,30470,11698,11698-36827-4,Railway Colony,19.3365794,72.8752763,30470_11698_123
123,0,1,0,533.1,5.0,22.75098814229249,0,1,25-06-2017,0.55125,7.32,11.07625,11.41,1,27.70193862,38.0982232,89.58822917,94.11,25.82635417,29.96,1,0,0,30470,11698,11698-36827-4,Kondivita,19.3348807,72.87489483,30470_11698_124
124,1,1,0,745.6,7.0,22.75098814229249,1,0,02-07-2017,6.080625,27.44,11.056875,11.0,1,30.93599203,42.14771558,89.600625,93.93,27.1134375,31.82,0,1,0,30470,11698,11698-36827-4,Hanuman Nagar,19.3196667,72.87441203,30470_11698_125
125,0,0,0,771.0,11.0,22.75098814229249,1,1,03-07-2017,5.442083333,116.17,11.12020833,11.45,1,35.44976397,42.94025493,84.23822917,92.58,28.9734375,32.03,0,1,0,30470,11698,11698-36827-4,Bima Nagar,19.3690927,72.87660893,30470_11698_126
126,2,1,0,332.86,2.0,7.0,0,1,24-07-2017,25.29,25.29,11.07927083,11.53,0,34.32486334,38.51451391,84.63802083,90.04,28.52635417,30.34,0,1,0,30470,11698,11698-36827-4,Vijay Nagar,19.2993897,72.87912743,30470_11698_127
127,0,1,0,433.0,8.0,12.0,0,1,26-07-2017,109.3742708,128.46,11.08291667,11.37,0,33.76901364,38.93538255,84.1259375,89.71,28.37354167,30.65,0,1,0,30470,11698,11698-36827-4,Bhim Nagar,19.4315457,72.87378083,30470_11698_128
128,0,0,0,864.0,7.0,20.0,1,1,30-07-2017,0.1,0.1,11.01166667,11.17,0,32.97859602,39.63330076,83.8509375,88.96,28.11479167,31.02,0,1,0,30470,11698,11698-36827-4,Mota Nagar,19.4165047,72.87016483,30470_11698_129
129,0,0,7,620.0,10.0,20.0,1,1,06-06-2016,17.565625,197.07,11.04135417,11.39,1,42.39300655,48.73994901,83.04447917,89.96,31.15229167,33.69,1,0,0,30470,11698,11698-36827-4,Sai Wadi,19.5526907,72.87302863,30470_11698_130
130,0,0,7,766.7,14.0,17.0,1,0,25-05-2017,22.488125,190.73,11.08625,11.33,1,39.71772925,46.18215576,77.1021875,82.34,31.00083333,34.44,1,0,0,30470,11698,11698-36827-4,Tarun Bharat,19.4108667,72.87285323,30470_11698_131
131,0,0,0,540.6,2.0,19.0,1,1,31-03-2016,109.277093,130.28,11.01885417,11.26,0,31.29417441,37.91938469,74.77177083,91.66,28.2390625,32.32,1,0,0,30470,11698,11698-36827-4,Koldongri,19.0008555,72.87693783,30470_11698_132
132,0,0,7,620.0,10.0,20.0,1,1,17-05-2016,26.65364583,175.99,11.0596875,11.31,1,42.23034196,49.71246692,87.1221875,92.88,30.70635417,33.52,1,0,0,30470,11698,11698-36827-4,J B Nagar,19.009883,72.87206293,30470_11698_133
133,0,0,3,855.0,5.0,17.0,1,1,19-06-2016,95.86239583,147.13,11.11010417,11.34,1,39.02452872,43.97388594,88.554375,97.38,29.68166667,31.67,1,0,0,30470,11698,11698-36827-4,Chakala,19.0268671,72.87339546,30470_11698_134
134,0,2,0,1594.96,13.0,42.0,1,0,14-09-2016,6.2521875,44.86,10.90520833,11.1,1,34.44453997,40.590764,92.80416667,100.0,28.12822917,30.68,0,1,0,30470,11698,11698-36827-4,BEST Colony,19.0315646,72.87725121,30470_11698_135
135,0,0,0,1733.83,13.0,32.0,1,1,06-10-2016,0.1003125,1.03,11.0009375,11.22,1,29.14887856,35.55188897,95.88052083,100.0,26.36520833,28.57,0,1,0,30470,11698,11698-36827-4,Daulat Nagar,19.096131,72.87878384,30470_11698_136
136,1,1,7,1836.8,20.0,22.75098814229249,1,1,09-05-2017,139.7521875,317.0,11.03791667,11.3,1,37.8165702,45.23360057,75.004375,83.67,30.63447917,34.99,1,0,0,30470,11698,11698-36827-4,Koliwada,19.3349807,72.87490483,30470_11698_137
137,0,0,7,1609.71,26.0,20.0,1,1,23-06-2017,28.80395833,159.5,10.55760417,11.09,1,38.53621754,46.11488914,80.1621875,90.27,30.31729167,33.88,1,0,0,30470,11698,11698-36827-4,Suresh Colony,19.4216687,72.87336073,30470_11698_138
138,0,0,0,885.0,13.0,15.0,1,0,08-06-2016,9.619166667,138.38,11.01385417,11.2,1,42.6409659,50.89416007,81.72875,88.51,31.3584375,33.93,1,0,0,30470,11698,11698-36827-4,MSEB Colony,19.4699617,72.87989603,30470_11698_139
139,0,0,7,367.4,10.0,15.0,1,0,06-05-2017,92.899375,317.0,11.10395833,11.43,1,38.90666632,48.06564009,76.95270833,85.26,30.74,34.47,1,0,0,30470,11698,11698-36827-4,Vile Parle East,19.007148,72.87640853,30470_11698_140
140,1,1,0,988.8,2.0,12.0,0,1,09-07-2016,36.75125,49.52,11.18489583,11.38,0,34.04208333,36.96,95.47166667,100.0,27.81114583,28.8,0,1,0,30470,11698,11698-36827-4,Daulat Nagar,19.0010784,72.87689815,30470_11698_141
141,0,2,0,463.6,1.0,15.0,1,1,21-01-2016,1.500416667,1.51,11.01677083,11.19,0,25.71291566,28.98911887,51.00572917,67.0,24.163125,29.76,0,0,1,30470,11698,11698-36827-4,BEST Colony,19.0034868,72.87860184,30470_11698_142
142,0,0,7,640.0,10.0,18.0,1,0,10-04-2016,93.2996875,261.39,11.00895833,11.31,1,33.27924247,38.36284023,67.87895833,83.51,29.68375,33.72,1,0,0,30470,11698,11698-36827-4,Khira Nagar,19.1236591,72.87554559,30470_11698_143
143,0,0,1,715.4,5.0,20.0,1,1,06-01-2016,5.376458333,189.26,11.113125,11.5,1,26.72783764,32.84680844,57.51572917,76.46,25.79927083,32.59,0,0,1,30470,11698,11698-36827-4,Kothu Wadi,19.8986957,72.87600723,30470_11698_144
144,0,0,5,550.0,5.0,12.0,1,1,21-05-2016,31.81677083,194.76,10.92354167,11.23,1,43.81713938,49.01716061,83.6084375,89.64,31.47979167,33.78,1,0,0,30470,11698,11698-36827-4,Hasmukh Nagar,19.8731337,72.87582213,30470_11698_145
145,0,1,7,350.0,3.0,12.0,0,1,31-05-2016,156.0,261.03,10.90541667,11.2,1,42.5986186,48.22343936,80.75822917,88.63,31.48083333,34.35,1,0,0,30470,11698,11698-36827-4,Shastri Nagar,19.8994617,72.87205153,30470_11698_146
146,1,0,0,325.0,4.0,29.0,1,1,26-01-2017,22.86447917,30.97,10.84875,11.36,1,27.37546363,32.10186073,53.48875,64.2,26.44302083,32.54,0,0,1,30470,11698,11698-36827-4,Railway Colony,19.3364794,72.8752663,30470_11698_147
147,2,0,5,835.1,8.0,15.0,1,1,02-04-2017,26.84020833,176.12,11.041875,11.25,1,32.67351863,40.16093219,74.94520833,89.31,28.89447917,33.65,1,0,0,30470,11698,11698-36827-4,GOI Staff Colony,19.2930854,72.87179077,30470_11698_148
148,1,1,0,800.0,9.571917808219178,22.75098814229249,0,1,01-02-2016,1.367708333,1.38,10.99257732,11.19,0,26.93268897,31.97260268,66.6734375,82.02,26.09854167,31.45,0,0,1,30470,11698,11698-36827-4,Potohar Nagar,19.1956854,72.87169377,30470_11698_149
149,0,0,0,1123.7,10.0,18.0,1,1,24-11-2016,0.00625,0.11,10.6525,10.83,0,28.39789544,33.52975157,57.47802083,77.12,27.60427083,34.3,0,0,1,30470,11698,11698-36827-4,Vithaldas Nagar,19.3316637,72.87578723,30470_11698_150
150,0,1,0,1023.0,7.0,10.0,0,1,09-01-2016,26.92979167,129.57,10.999375,11.25,1,26.10204535,31.77722943,60.82270833,77.15,25.29270833,31.33,0,0,1,30470,11698,11698-36827-4,Willingdon,19.2764367,72.87071653,30470_11698_151
151,0,0,0,1812.4,13.0,22.0,1,0,04-03-2016,45.82041667,72.56,10.90614583,11.12,1,30.83099231,35.0045079,64.38,75.55,28.62916667,32.45,1,0,0,30470,11698,11698-36827-4,Juhu Koliwada,19.4039797,72.87256063,30470_11698_152
152,0,1,0,1023.0,7.0,10.0,0,1,21-07-2016,40.17885417,161.75,10.95979167,11.28,1,28.05166667,34.37,99.22239583,100.0,25.88760417,28.05,0,1,0,30470,11698,11698-36827-4,Govind Nagar,19.4344067,72.87014633,30470_11698_153
153,0,0,0,1812.4,13.0,22.0,1,0,25-01-2016,52.14635417,67.38,10.91052083,11.14,0,25.91446561,28.94234103,50.20145833,64.66,24.73489583,30.33,0,0,1,30470,11698,11698-36827-4,Koliwada,19.4517247,72.87987213,30470_11698_154
154,0,0,0,1812.4,13.0,22.0,1,0,08-02-2016,51.98208333,70.51,10.90166667,11.11,0,25.14576067,29.93016832,65.54291667,81.72,23.91989583,29.53,0,0,1,30470,11698,11698-36827-4,Danda Village,19.5048797,72.87046173,30470_11698_155
155,2,1,4,996.28,13.0,40.0,1,1,13-10-2016,28.77177083,201.08,11.13,11.37,1,32.25334017,41.23611155,87.74552083,96.86,27.71322917,31.74,0,1,0,30470,11698,11698-36827-4,Agripada,19.5327167,72.87308703,30470_11698_156
156,0,0,0,865.41,9.0,21.0,1,1,05-08-2016,90.37270833,134.42,11.00197917,11.31,1,30.38267078,34.07644917,99.586875,100.0,26.58552083,27.63,0,1,0,30470,11698,11698-36827-4,Vile Parle East,19.5504727,72.87287663,30470_11698_157
157,0,1,0,2487.0,11.0,9.0,0,1,04-03-2016,39.97927083,54.0,10.9965625,11.24,0,30.83099231,35.0045079,64.38,75.55,28.62916667,32.45,1,0,0,30470,11698,11698-36827-4,Prabhat Colony,19.5507727,72.87290663,30470_11698_158
158,0,1,0,1480.0,12.0,4.0,0,1,07-02-2017,54.83083333,79.74,10.85739583,11.17,0,25.42906931,31.6605704,66.90166667,80.75,24.095625,29.82,0,0,1,30470,11698,11698-36827-4,Anand Nagar,19.5516727,72.87299663,30470_11698_159
159,0,0,7,114.1,23.0,23.0,1,0,06-01-2016,53.25572917,178.81,11.07072917,11.31,1,26.72783764,32.84680844,57.51572917,76.46,25.79927083,32.59,0,0,1,30470,11698,11698-36827-4,Golibar,19.5489497,72.87299003,30470_11698_160
160,0,0,7,1609.71,26.0,20.0,1,1,28-03-2016,71.11541667,184.7,10.77145833,11.01,1,33.41387003,42.54965209,61.15625,77.8,30.33697917,35.93,1,0,0,30470,11698,11698-36827-4,Hanuman Tekdi,19.5432477,72.87327113,30470_11698_161
161,0,0,0,869.43,5.0,32.0,1,1,21-11-2016,32.2978125,102.44,11.00822917,11.22,1,28.49028552,33.88266809,60.24291667,83.25,27.75802083,34.3,0,0,1,30470,11698,11698-36827-4,Sen Nagar,19.4636497,72.87074063,30470_11698_162
162,2,1,0,996.28,13.0,40.0,1,1,21-12-2016,61.30489583,93.65,11.09458333,11.39,0,28.15353132,33.93585845,55.83625,72.79,27.278125,33.71,0,0,1,30470,11698,11698-36827-4,Vakola,19.4378897,72.87394763,30470_11698_163
163,0,1,0,280.0,3.0,10.0,0,1,05-01-2017,46.68385417,62.86,11.1065625,11.29,0,26.06932029,31.24060755,59.36479167,75.32,24.90833333,31.14,0,0,1,30470,11698,11698-36827-4,Union Park,19.3919077,72.87201733,30470_11698_164
164,1,0,0,629.301,12.0,34.0,1,0,29-01-2016,7.176666667,26.54,11.070625,11.28,1,25.86000754,31.74423177,63.56802083,76.76,24.85666667,30.84,0,0,1,30470,11698,11698-36827-4,Golibar,19.3873307,72.87117713,30470_11698_165
165,0,0,7,480.7,3.0,20.0,1,0,15-06-2016,132.1344792,145.02,11.19083333,11.42,0,42.05124741,47.72018817,84.615625,97.97,30.91458333,33.18,1,0,0,30470,11698,11698-36827-4,Jawahar Nagar,19.005726,72.87633883,30470_11698_166
166,0,2,0,1139.9,7.0,22.75098814229249,1,1,21-07-2016,26.2278125,72.73,10.99802083,11.33,1,28.05166667,34.37,99.22239583,100.0,25.88760417,28.05,0,1,0,30470,11698,11698-36827-4,Veer Desai Industrial Estate,19.0002267,72.87704756,30470_11698_167
167,2,1,0,996.28,13.0,40.0,1,1,25-07-2016,33.12364583,119.24,11.0934375,11.34,1,32.21,37.09,94.39760417,100.0,27.36,28.92,0,1,0,30470,11698,11698-36827-4,MHADA Colony,19.001215,72.87722174,30470_11698_168
168,0,1,1,330.0,2.0,22.75098814229249,0,1,29-06-2017,14.61239583,305.47,11.05916667,11.26,1,33.17363625,39.97498801,87.9225,94.68,27.97177083,30.92,1,0,0,30470,11698,11698-36827-4,Suvarna Nagar,19.020337,72.87284399,30470_11698_169
169,1,0,0,824.0,15.0,16.0,1,1,11-07-2017,61.71166667,94.04,11.0934375,11.29,0,36.06319899,42.7183396,79.80885417,89.94,29.49239583,32.34,0,1,0,30470,11698,11698-36827-4,Vallabh Nagar Society,19.9130437,72.87704453,30470_11698_170
170,1,0,0,2206.0,18.0,32.0,1,1,12-03-2016,20.1934375,59.47,11.07552083,11.32,1,29.39341772,34.41570119,65.74979167,80.11,27.7471875,31.42,1,0,0,30470,11698,11698-36827-4,JVPD Scheme,19.9060467,72.87598883,30470_11698_171
171,0,0,7,865.41,9.0,21.0,1,1,12-07-2016,137.8671875,231.43,10.66583333,11.04,0,32.7303125,38.24,93.6115625,98.1,27.48447917,28.91,0,1,0,30470,11698,11698-36827-4,Airport Area,19.8792297,72.87480403,30470_11698_172
172,2,2,0,583.3,9.0,20.0,1,0,02-09-2016,99.77635417,124.9,11.06291667,11.43,0,32.65081501,40.62677711,96.25729167,100.0,27.38083333,30.15,0,1,0,30470,11698,11698-36827-4,Suresh Colony,19.3367694,72.875296,30470_11698_173
173,0,0,0,1150.0,25.0,17.0,1,1,04-09-2016,38.88520833,112.7,11.09822917,11.36,1,33.29119644,40.64469303,90.49760417,100.0,27.9034375,30.68,0,1,0,30470,11698,11698-36827-4,Prem Nagar,19.3375794,72.875363,30470_11698_174
174,0,1,7,371.0,5.0,42.0,1,0,27-01-2017,106.8938542,133.5,11.12864583,11.28,0,27.22037481,33.16077862,53.52354167,67.32,26.22260417,32.35,0,0,1,30470,11698,11698-36827-4,Tata Colony,19.3197667,72.87442203,30470_11698_175
175,0,0,0,1150.0,25.0,17.0,1,1,01-02-2017,35.29166667,104.05,11.0996875,11.27,1,27.9293146,34.35076887,51.08822917,64.3,26.65364583,33.4,0,0,1,30470,11698,11698-36827-4,Irla,19.3408307,72.87528643,30470_11698_176
176,0,0,0,1600.0,9.571917808219178,26.0,1,1,12-03-2017,15.296875,44.14,11.07135417,11.27,1,26.30974118,30.33728194,50.10583333,62.44,25.28322917,30.37,1,0,0,30470,11698,11698-36827-4,Suvarna Nagar,19.3159217,72.87762083,30470_11698_177
177,0,1,0,889.22,12.0,39.0,1,0,17-07-2017,92.70875,115.33,11.1978125,11.35,0,25.84065422,30.34948767,93.1778125,95.44,25.09729167,26.8,0,1,0,30470,11698,11698-36827-4,Kamala Nagar,19.3100737,72.87820053,30470_11698_178
178,1,0,0,445.0,8.0,17.0,1,0,20-03-2016,13.54760417,14.48,11.0425,11.24,0,27.593649,33.73458121,75.62239583,91.68,26.29791667,30.75,1,0,0,30470,11698,11698-36827-4,Suresh Colony,19.4345067,72.87015633,30470_11698_179
179,2,0,7,1165.6,23.0,20.0,1,0,11-04-2016,52.2115625,317.0,11.06208333,11.25,1,36.01305447,41.38546061,74.11583333,88.03,30.21229167,34.68,1,0,0,30470,11698,11698-36827-4,Irla,19.005626,72.87632883,30470_11698_180
180,2,0,0,687.1,6.0,42.0,1,0,02-07-2016,36.56677083,126.08,11.02927083,11.28,1,29.77479167,34.09,99.7446875,100.0,26.40822917,27.84,0,1,0,30470,11698,11698-36827-4,Prem Nagar,19.000919,72.87650513,30470_11698_181
181,0,0,0,501.6,7.0,15.0,1,0,02-01-2016,67.32895833,85.65,11.07458333,11.26,0,27.11163704,31.9345322,51.08802083,71.09,26.49291667,32.68,0,0,1,30470,11698,11698-36827-4,Tata Colony,19.000699,72.87709172,30470_11698_182
182,1,0,0,1299.0,7.0,20.0,1,1,02-11-2016,31.761875,67.09,11.0,11.44,1,30.42832077,38.12012101,61.729375,70.8,28.33260417,34.08,0,0,1,30470,11698,11698-36827-4,Suvarna Nagar,19.000243,72.87741619,30470_11698_183
183,1,1,0,760.0,9.0,12.0,0,1,20-11-2016,130.420625,144.44,11.08864583,11.28,0,28.9815933,33.98373038,63.02895833,76.85,27.51864583,33.8,0,0,1,30470,11698,11698-36827-4,Vallabh Nagar Society,19.024692,72.87316626,30470_11698_184
184,0,0,0,1074.5,13.0,42.0,1,0,01-02-2017,66.4715625,85.45,11.02927083,11.2,0,27.9293146,34.35076887,51.08822917,64.3,26.65364583,33.4,0,0,1,30470,11698,11698-36827-4,JVPD Scheme,19.063746,72.87782715,30470_11698_185
185,0,0,0,580.6,7.0,22.75098814229249,1,0,18-03-2017,7.009166667,117.68,11.04395833,11.16,1,29.53543065,35.27412114,58.55510417,76.53,28.2571875,32.92,1,0,0,30470,11698,11698-36827-4,Kamala Nagar,19.091698,72.8799039,30470_11698_186
186,0,0,7,885.0,13.0,15.0,1,0,04-04-2017,110.8097917,185.06,0.0,0.0,1,32.67351863,40.16093219,74.94520833,89.31,28.89447917,33.65,1,0,0,30470,11698,11698-36827-4,Airport Area,19.8943047,72.87301603,30470_11698_187
187,1,0,1,805.0,4.0,35.0,1,0,03-01-2016,42.69291667,157.39,11.13083333,11.28,1,27.14418972,31.71592072,53.6246875,71.62,26.3296875,31.99,0,0,1,30470,11698,11698-36827-4,Suresh Colony,19.3366794,72.8752863,30470_11698_188
188,0,0,0,1733.83,13.0,32.0,1,1,11-08-2016,18.06583333,76.57,11.01010417,11.21,1,33.60709177,38.33301945,94.210625,99.86,27.74697917,29.37,0,1,0,30470,11698,11698-36827-4,Railway Police Colony,19.3193837,72.87388523,30470_11698_189
189,0,2,0,339.3,10.0,22.75098814229249,1,1,28-10-2016,58.3984375,72.36,11.00083333,11.25,0,30.27963373,34.83286145,67.18322917,81.66,28.22979167,33.12,0,1,0,30470,11698,11698-36827-4,Marol,19.3534207,72.87591053,30470_11698_190
190,0,1,0,1146.2,2.0,12.0,0,1,24-04-2017,91.7425,163.11,10.89427083,11.21,1,33.91700309,39.56028368,69.520625,78.62,29.61604167,33.04,1,0,0,30470,11698,11698-36827-4,Paranjape Nagar,19.1967157,72.87026243,30470_11698_191
191,0,0,0,181.0,3.0,24.0,1,1,13-05-2017,107.0707292,127.5,11.01979167,11.34,0,37.98379083,48.12189486,72.04333333,83.94,30.93895833,35.0,1,0,0,30470,11698,11698-36827-4,Kamala Nagar,19.2555167,72.87131593,30470_11698_192
192,1,0,0,1641.0,16.0,20.0,1,1,05-01-2016,9.125,19.21,10.97677083,11.19,0,26.42958503,32.88980647,57.17072917,72.38,25.28302083,32.04,0,0,1,30470,11698,11698-36827-4,Suresh Colony,19.5084057,72.87109363,30470_11698_193
193,1,1,0,456.2,4.0,5.0,0,1,21-02-2016,5.870520833,16.85,11.061875,11.23,1,29.47667229,34.72625823,62.35510417,73.46,27.92635417,31.72,0,0,1,30470,11698,11698-36827-4,Chhatrapati Shivaji International Airport Area,19.5243087,72.87286603,30470_11698_194
194,0,1,0,511.0,4.0,4.0,0,1,09-03-2016,102.9727083,135.92,10.9984375,11.21,0,29.45376923,33.82684532,59.67583333,71.62,28.0984375,32.24,1,0,0,30470,11698,11698-36827-4,Vile Parle East,19.5514727,72.87297663,30470_11698_195
195,0,2,0,1594.96,13.0,42.0,1,0,30-06-2016,35.818125,47.31,10.92583333,11.15,0,29.72093144,37.48469857,97.52875,100.0,26.44770833,29.27,1,0,0,30470,11698,11698-36827-4,Mhada Colony,19.4736117,72.87303113,30470_11698_196
196,0,2,0,337.0,9.0,20.0,1,1,31-07-2016,20.11302083,59.07,10.99770833,11.17,1,27.80166667,30.94,99.98854167,100.0,25.80322917,26.76,0,1,0,30470,11698,11698-36827-4,Parle Colony,19.4017757,72.87246013,30470_11698_197
197,2,1,0,1535.0,26.0,29.0,1,1,24-12-2016,19.16479167,52.52,11.03385417,11.21,1,26.34864381,33.35488083,64.6171875,78.54,25.16302083,32.09,0,0,1,30470,11698,11698-36827-4,Netaji Subhash Nagar,19.001272,72.87685938,30470_11698_198
198,0,1,0,1800.0,15.0,5.0,0,1,14-02-2017,87.45197917,130.34,10.01916667,11.17,0,28.32307668,37.42805295,56.4003125,72.07,27.10447917,35.12,0,0,1,30470,11698,11698-36827-4,Paranjape Nagar,19.000799,72.87710172,30470_11698_199
199,0,0,1,1600.0,9.571917808219178,26.0,1,1,17-02-2017,24.51072917,168.7,11.0409375,11.23,1,29.99032398,37.89629038,47.66510417,65.88,29.26364583,36.28,0,0,1,30470,11698,11698-36827-4,Kamala Nagar,19.05827,72.87982613,30470_11698_200
200,1,2,0,1089.54,13.0,33.0,1,0,18-04-2017,41.1753125,73.9,10.74958333,11.02,1,35.60057276,45.2447146,70.20697917,87.61,30.51322917,36.73,1,0,0,30850,11932,11932-13671-2,Park Road,19.1039198,72.87759003,30850_11932_201
201,1,2,0,737.0,11.0,42.0,1,1,19-04-2017,28.946875,62.79,11.138125,11.35,1,36.05568554,43.41174303,75.120625,84.86,29.94614583,33.71,1,0,0,30850,11932,11932-13671-2,Park Society,19.1237591,72.87555559,30850_11932_202
202,2,0,0,264.3,4.0,15.0,1,1,16-07-2017,100.213125,126.86,11.10729167,11.39,0,32.38096315,39.03232527,84.13239583,91.31,27.87270833,30.8,0,1,0,30850,11932,11932-13671-2,Vile Parle East,19.138506,72.87507036,30850_11932_203
203,2,0,0,633.7,2.0,22.0,1,1,18-07-2017,39.34677083,118.41,11.04885417,11.29,1,26.44513922,28.85685899,95.17395833,95.93,25.35052083,26.22,0,1,0,30850,11932,11932-13671-2,Navneeth Colony,19.9303137,72.87683763,30850_11932_204
204,0,0,0,550.0,5.0,12.0,1,1,30-07-2017,69.71375,90.04,11.0915625,11.3,0,32.97859602,39.63330076,83.8509375,88.96,28.11479167,31.02,0,1,0,30850,11932,11932-13671-2,Vahatuk Nagar,19.9330557,72.87603293,30850_11932_205
205,0,2,0,930.0,15.0,42.0,1,1,13-01-2016,17.79854167,44.99,11.03770833,11.27,1,26.10745532,30.32577372,61.936875,77.2,25.05572917,30.0,0,0,1,30850,11932,11932-13671-2,Prathmesh Complex,19.9654097,72.87556613,30850_11932_206
206,2,0,0,641.4,3.0,39.0,1,0,06-05-2016,86.2465625,137.1,11.08958333,11.32,0,36.80123391,43.7078568,81.7521875,88.43,29.586875,32.63,1,0,0,30850,11932,11932-13671-2,Ambivali,19.8944047,72.87302603,30850_11932_207
207,0,2,0,339.3,10.0,22.75098814229249,1,1,06-05-2016,82.77479167,98.73,11.00958333,11.22,0,36.80123391,43.7078568,81.7521875,88.43,29.586875,32.63,1,0,0,30850,11932,11932-13671-2,Amboli,19.3602427,72.87615333,30850_11932_208
208,0,1,0,1170.5,1.0,9.0,0,1,21-06-2016,110.0059375,132.52,11.05697917,11.25,0,32.86370066,41.28198505,93.64739583,100.0,27.62302083,30.7,1,0,0,30850,11932,11932-13671-2,Kevni Pada,19.2994897,72.87913743,30850_11932_209
209,1,1,0,1710.0,3.0,12.0,0,1,28-07-2016,81.96333333,110.84,11.04291667,11.31,0,27.83270833,35.34,97.96291667,100.0,25.83510417,28.46,0,1,0,30850,11932,11932-13671-2,Vahatuk Nagar,19.2662657,72.87101943,30850_11932_210
210,0,2,0,1078.3,10.0,42.0,1,0,04-08-2016,57.84479167,65.92,10.98927083,11.19,0,32.26591212,38.1185355,96.22322917,100.0,27.2721875,29.51,0,1,0,30850,11932,11932-13671-2,Azad Nagar,19.3959827,72.87221333,30850_11932_211
211,0,0,0,715.4,5.0,20.0,1,1,06-08-2016,11.4065625,35.24,11.0334375,11.21,1,30.90579388,35.47782907,98.99916667,100.0,26.75416667,28.19,0,1,0,30850,11932,11932-13671-2,Natwar Nagar,19.4417797,72.87401703,30850_11932_212
212,1,0,3,2206.0,18.0,32.0,1,1,08-08-2016,50.47020833,317.0,11.130625,11.38,1,32.6444564,37.24728738,95.44989583,100.0,27.40270833,29.08,0,1,0,30850,11932,11932-13671-2,Railway Colony,19.0045194,72.87639956,30850_11932_213
213,0,2,0,339.3,10.0,22.75098814229249,1,1,29-09-2016,57.86708333,74.32,11.00041667,11.22,0,32.44260707,37.75986236,91.82385417,100.0,27.59395833,29.92,0,1,0,30850,11932,11932-13671-2,MHADA Colony,19.001172,72.87684938,30850_11932_214
214,0,1,0,450.0,2.0,11.0,0,1,18-10-2016,60.51645833,82.33,11.04625,11.3,1,37.54003547,47.11194256,81.71604167,91.89,29.90302083,34.21,0,1,0,30850,11932,11932-13671-2,Mhada Colony,19.000638,72.87716444,30850_11932_215
215,0,0,0,483.0,5.0,34.0,1,1,03-11-2016,65.0940625,133.69,10.97041667,11.2,1,29.81311091,34.47322561,58.04072917,70.36,28.5628125,34.02,0,0,1,30850,11932,11932-13671-2,T E Colony,19.006291,72.87972245,30850_11932_216
216,0,0,0,571.9,8.0,18.0,1,1,21-11-2016,51.8146875,112.94,10.83916667,11.05,1,28.49028552,33.88266809,60.24291667,83.25,27.75802083,34.3,0,0,1,30850,11932,11932-13671-2,Gulmohar Colony,19.020237,72.87283399,30850_11932_217
217,2,0,0,835.1,8.0,15.0,1,1,13-01-2017,35.81333333,49.23,11.0134375,11.27,0,24.58506088,29.69651179,60.73177083,84.11,22.2428125,30.22,0,0,1,30850,11932,11932-13671-2,T E Colony,19.0483089,72.87255838,30850_11932_218
218,0,2,0,1448.0,26.0,34.0,1,1,01-02-2017,19.1140625,55.18,10.98229167,11.38,1,27.9293146,34.35076887,51.08822917,64.3,26.65364583,33.4,0,0,1,30850,11932,11932-13671-2,MHADA Colony,19.056341,72.87054082,30850_11932_219
219,0,1,5,2125.0,13.0,11.0,0,1,14-02-2017,92.66447917,317.0,11.0315625,11.28,1,28.32307668,37.42805295,56.4003125,72.07,27.10447917,35.12,0,0,1,30850,11932,11932-13671-2,Gulmohar Colony,19.05817,72.87981613,30850_11932_220
220,1,1,0,199.3,3.0,22.75098814229249,1,1,17-04-2017,1.253125,3.01,11.04895833,11.47,1,35.73891075,43.35240819,76.41052083,85.36,29.70447917,33.43,1,0,0,30850,11932,11932-13671-2,MHADA Colony,19.0739149,72.87567157,30850_11932_221
221,1,0,0,1150.0,7.0,22.75098814229249,1,1,12-05-2017,45.2684375,80.37,11.18791667,11.4,1,39.87052478,47.30351388,76.73822917,84.91,31.07333333,34.14,1,0,0,30850,11933,11936-11933-3,Adarsh Nagar,19.1038198,72.87758003,30850_11933_222
222,1,2,0,1089.54,13.0,33.0,1,0,15-05-2017,28.79854167,65.73,10.76802083,10.96,1,38.38658747,44.95507945,75.3209375,83.99,30.77864583,33.89,1,0,0,30850,11933,11936-11933-3,Prathmesh Complex,19.149668,72.87427721,30850_11933_223
223,2,1,2,2151.4,7.0,22.75098814229249,0,1,30-05-2017,51.2559375,194.83,11.04697917,11.22,1,41.33553481,47.62043372,77.76395833,84.91,31.40885417,34.28,1,0,0,30850,11933,11936-11933-3,Shastri Nagar,19.1539191,72.87394984,30850_11933_224
224,0,0,3,1074.5,13.0,42.0,1,0,31-05-2017,41.5834375,160.45,10.99177083,11.2,1,41.58035192,47.81554005,76.39,83.23,31.66927083,34.88,1,0,0,30850,11933,11936-11933-3,Sainik Nagar,19.9329557,72.87602293,30850_11933_225
225,0,2,0,1180.8,19.0,42.0,1,0,02-06-2017,86.92708333,93.46,10.97989583,11.21,0,38.75633893,47.68128625,79.2171875,91.67,30.52322917,34.74,1,0,0,30850,11933,11936-11933-3,Ambivali,19.9523147,72.87613963,30850_11933_226
226,1,0,0,414.0,1.0,34.0,1,1,17-07-2017,79.155,96.6,11.05302083,11.26,0,25.84065422,30.34948767,93.1778125,95.44,25.09729167,26.8,0,1,0,30850,11933,11936-11933-3,Bhudargarh Colony,19.9779306,72.87477413,30850_11933_227
227,2,0,7,687.1,6.0,42.0,1,0,27-05-2016,100.2955208,145.02,11.00239583,11.27,1,42.34956794,49.03189411,81.31739583,88.75,31.3375,34.09,1,0,0,30850,11933,11936-11933-3,Vahatuk Nagar,19.9107927,72.87622133,30850_11933_228
228,2,1,7,1535.0,26.0,29.0,1,1,07-07-2016,58.50625,139.6,11.06822917,11.38,1,33.89572917,37.25,95.97177083,100.0,27.74479167,28.79,0,1,0,30850,11933,11936-11933-3,Azad Nagar,19.8856477,72.87599273,30850_11933_229
229,2,0,0,641.4,3.0,39.0,1,0,18-08-2016,91.6234375,121.85,11.10635417,11.33,0,34.2904455,41.84091599,93.52489583,100.0,28.02208333,30.75,0,1,0,30850,11933,11936-11933-3,Seven Bunglow,19.3367794,72.8752963,30850_11933_230
230,0,0,7,1381.0,24.0,25.0,1,1,03-10-2016,41.70375,175.21,10.9434375,11.19,1,27.57297169,29.91329209,97.95302083,100.0,25.7553125,26.45,0,1,0,30850,11933,11936-11933-3,Navneeth Colony,19.3371794,72.8753363,30850_11933_231
231,1,0,4,436.1,9.0,42.0,1,1,07-10-2016,93.19166667,146.44,11.053125,11.26,0,31.23974314,39.21212459,93.67760417,100.0,27.1321875,30.23,0,1,0,30850,11933,11936-11933-3,Four Bungalows,19.3372794,72.875763,30850_11933_232
232,0,1,0,1170.5,1.0,9.0,0,1,12-11-2016,95.976875,128.42,11.01604167,11.28,0,27.89160104,34.47344081,61.56625,81.25,26.72072917,33.34,0,0,1,30850,11933,11936-11933-3,Amboli,19.3076617,72.87258913,30850_11933_233
233,1,0,0,1114.0,12.0,20.0,1,0,11-12-2016,38.8790625,49.08,10.9853125,11.18,0,27.47265788,33.1224794,55.28166667,79.34,26.24770833,33.18,0,0,1,30850,11933,11936-11933-3,Gaothan,19.3471797,72.87555003,30850_11933_234
234,1,2,7,1463.13,9.571917808219178,21.0,1,1,22-03-2017,46.01677083,74.65,10.70875,11.0,1,30.28341691,37.64308565,63.6021875,81.3,28.4875,33.02,1,0,0,30850,11933,11936-11933-3,Gilbert Hill,19.3736237,72.87718403,30850_11933_235
235,2,1,2,2151.4,7.0,22.75098814229249,0,1,07-06-2017,75.12958333,189.55,11.06645833,11.4,1,36.04250221,44.03983997,77.4309375,88.51,29.71552083,33.91,1,0,0,30850,11933,11936-11933-3,Versova,19.3783337,72.87780203,30850_11933_236
236,0,1,0,1800.0,15.0,5.0,0,1,27-06-2017,106.3958333,146.97,11.00708333,11.34,0,31.19659448,37.55889959,88.98333333,93.69,27.21447917,29.81,1,0,0,30850,11933,11936-11933-3,Lohana Colony,19.3158217,72.87761083,30850_11933_237
237,1,1,0,1836.8,20.0,22.75098814229249,1,1,03-07-2017,31.5359375,95.67,6.001770833,11.29,1,35.44976397,42.94025493,84.23822917,92.58,28.9734375,32.03,0,1,0,30850,11933,11936-11933-3,Gaondevi Dongri,19.3099737,72.87819053,30850_11933_238
238,1,1,0,1820.0,8.0,5.0,0,1,29-03-2016,19.97052083,90.73,11.09322917,11.37,1,32.91358085,39.90476696,69.651875,84.13,29.2896875,33.47,1,0,0,30850,11933,11936-11933-3,Sagar City,19.2661657,72.87100943,30850_11933_239
239,0,1,0,533.1,5.0,22.75098814229249,0,1,09-05-2016,34.955625,50.1,11.049375,11.25,0,37.99340927,45.33845691,83.20052083,90.32,29.90302083,33.45,1,0,0,30850,11933,11936-11933-3,D.N.Nagar,19.4134827,72.87297473,30850_11933_240
240,1,0,7,1538.58,13.0,21.0,1,1,06-06-2016,55.29510417,158.02,11.06302083,11.23,1,42.39300655,48.73994901,83.04447917,89.96,31.15229167,33.69,1,0,0,30850,11933,11936-11933-3,Shree Ram Nagar,19.4416797,72.87400703,30850_11933_241
241,0,0,7,2457.9,15.0,18.0,1,0,24-06-2016,67.61927083,147.74,11.00479167,11.32,1,32.62931506,42.41436965,95.79291667,100.0,27.39083333,30.79,1,0,0,30850,11933,11936-11933-3,Juhu Scheme,19.3973857,72.87985583,30850_11933_242
242,1,0,0,909.0,21.0,23.0,1,0,25-06-2016,43.2015625,130.18,10.98947917,11.3,1,29.23648954,34.93459955,97.8003125,100.0,26.30260417,28.19,1,0,0,30850,11936,11936-11933-3,Dhangar wadi,19.4066817,72.87999853,30850_11936_243
243,0,0,0,1083.4,7.0,22.75098814229249,1,0,24-08-2016,106.3734375,138.47,10.99052083,11.19,0,33.01469946,40.65234163,96.28239583,100.0,27.49104167,30.12,0,1,0,30850,11936,11936-11933-3,Kapaswadi,19.4258267,72.87021623,30850_11936_244
244,2,0,4,651.96,3.0,24.0,1,1,27-09-2016,102.4946875,142.47,11.02083333,11.26,0,31.89693811,37.46172341,95.26604167,99.93,27.1559375,29.04,0,1,0,30850,11936,11936-11933-3,Parsi Colony,19.4618547,72.87014033,30850_11936_245
245,2,0,0,699.0,3.0,42.0,1,1,09-12-2016,61.59729167,82.52,11.10447917,11.35,0,27.85883811,33.68186181,57.11635417,74.53,27.02427083,33.04,0,0,1,30850,11936,11936-11933-3,Ganga Vihar,19.4649577,72.87965753,30850_11936_246
246,0,1,0,533.1,5.0,22.75098814229249,0,1,06-02-2017,26.78583333,39.55,11.14770833,11.28,0,24.87045431,29.88047148,66.4615625,79.92,23.94802083,29.01,0,0,1,30850,11936,11936-11933-3,Yadav Nagar,19.4830649,72.87014464,30850_11936_247
247,0,0,7,1074.5,13.0,42.0,1,0,19-04-2017,41.859375,278.03,11.01958333,11.24,1,36.05568554,43.41174303,75.120625,84.86,29.94614583,33.71,1,0,0,30850,11936,11936-11933-3,Munshi Nagar,19.5166357,72.87217723,30850_11936_248
248,0,1,0,1021.0,11.0,12.0,0,1,06-05-2017,91.370625,108.69,11.07479167,11.24,0,38.90666632,48.06564009,76.95270833,85.26,30.74,34.47,1,0,0,30850,11936,11936-11933-3,Marol MIDC Industry Estate,19.5449347,72.87259303,30850_11936_249
249,0,1,0,533.1,5.0,22.75098814229249,0,1,05-07-2017,10.29947917,20.61,11.14947917,11.34,1,35.82752635,42.76367886,82.49,88.91,29.18895833,31.98,0,1,0,30850,11936,11936-11933-3,Mota Nagar,19.5703727,72.8728663,30850_11936_250
250,1,0,0,1276.3,6.0,22.0,1,0,12-03-2016,80.8315625,118.34,10.821875,11.12,0,29.39341772,34.41570119,65.74979167,80.11,27.7471875,31.42,1,0,0,30850,11936,11936-11933-3,Marol Naka,19.5506727,72.87289663,30850_11936_251
251,2,1,0,145.0,0.0,12.0,0,1,11-05-2016,71.2609375,87.4,11.13916667,11.34,0,38.97306156,46.02198672,85.3740625,94.77,29.99697917,33.07,1,0,0,30850,11936,11936-11933-3,Marol Village,19.5510727,72.87293663,30850_11936_252
252,2,0,0,641.4,3.0,39.0,1,0,18-07-2016,95.36625,134.35,11.11302083,11.31,0,31.561875,36.39,98.32322917,100.0,26.97895833,28.62,0,1,0,30850,11936,11936-11933-3,Tarun Bharat,19.5513727,72.87296663,30850_11936_253
253,0,0,0,850.0,17.0,41.0,1,1,07-08-2016,25.22145833,37.29,11.08708333,11.3,1,31.38821023,37.81135972,96.79239583,100.0,26.98135417,29.02,0,1,0,30850,11936,11936-11933-3,Chakala,19.5503727,72.87286663,30850_11936_254
254,2,2,0,894.6,12.0,42.0,1,1,27-08-2016,1.512083333,1.52,11.05645833,11.35,0,29.23132434,31.41093247,98.3125,100.0,26.27875,26.88,0,1,0,30850,11936,11936-11933-3,Marol,19.5359147,72.87427963,30850_11936_255
255,1,2,0,499.9,11.0,24.0,1,0,01-12-2016,28.2434375,53.61,11.06175258,11.3,0,27.58894488,34.27293295,62.66145833,81.98,26.71416667,33.0,0,0,1,30850,11936,11936-11933-3,Chhatrapati Shivaji International Airport Area,19.4977797,72.87550163,30850_11936_256
256,1,1,0,456.2,4.0,5.0,0,1,03-12-2016,27.99447917,55.93,11.00947917,11.22,0,28.39602214,37.18052785,62.67802083,81.23,27.05854167,34.28,0,0,1,30850,11936,11936-11933-3,Greater Indra Nagar,19.4735637,72.87407473,30850_11936_257
257,0,0,0,859.1,10.0,42.0,1,1,31-12-2016,19.4711828,55.64,11.05708333,11.31,1,26.61361754,33.18724038,60.2015625,78.37,25.51645833,32.76,0,0,1,30850,13669,13669-30473-1,J B Nagar,19.4250397,72.87728733,30850_13669_258
258,0,0,0,1600.0,9.571917808219178,26.0,1,1,31-01-2017,41.94989247,107.69,11.04635417,11.26,1,27.32789007,33.25728803,51.78552083,69.73,26.45958333,32.51,0,0,1,30850,13669,13669-30473-1,Ashok Nagar,19.000738,72.87717444,30850_13669_259
259,0,1,0,450.9,4.0,6.0,0,1,15-02-2017,93.73270833,128.54,11.00270833,11.23,0,28.52915593,35.39308053,52.10135417,69.33,27.60833333,34.69,0,0,1,30850,13669,13669-30473-1,Sahar Village,19.000343,72.87742619,30850_13669_260
260,2,0,0,1285.9,9.0,22.0,1,0,17-02-2017,35.45541667,87.85,11.05489583,11.3,1,29.99032398,37.89629038,47.66510417,65.88,29.26364583,36.28,0,0,1,30850,13669,13669-30473-1,Anand Nagar,19.0035868,72.87861184,30850_13669_261
261,2,1,0,365.0,1.0,12.0,0,1,04-03-2017,133.6586458,176.08,11.029375,11.24,0,27.95986139,34.61054591,62.69229167,78.13,26.93072917,31.96,1,0,0,30850,13669,13669-30473-1,Subhash Nagar,19.0051227,72.87893054,30850_13669_262
262,0,2,0,930.0,15.0,42.0,1,1,22-03-2017,43.5878125,54.21,11.05385417,11.27,0,30.28341691,37.64308565,63.6021875,81.3,28.4875,33.02,1,0,0,30850,13669,13669-30473-1,Oberoi Splendor,19.052778,72.87158992,30850_13669_263
263,2,0,7,651.96,3.0,24.0,1,1,29-03-2017,68.2325,161.17,11.03145833,11.26,1,35.69464722,42.50800821,79.63989583,85.49,29.4009375,32.88,1,0,0,30850,13669,13669-30473-1,Pratap Nagar,19.0597036,72.87943175,30850_13669_264
264,0,0,7,1083.4,7.0,22.75098814229249,1,0,12-04-2017,120.1239583,187.41,11.11614583,11.4,1,36.73449383,47.1072775,76.45427083,88.17,30.10729167,34.69,1,0,0,30850,13669,13669-30473-1,Majas Wadi,19.063846,72.87783715,30850_13669_265
265,0,1,7,2487.0,24.0,7.0,0,1,20-04-2017,156.0,240.73,11.02166667,11.3,0,35.25940528,42.35055232,75.6053125,84.94,29.61114583,33.44,1,0,0,30850,13669,13669-30473-1,Gupha Tekdi,19.069258,72.87661398,30850_13669_266
266,0,2,0,908.0,3.0,22.75098814229249,1,0,05-05-2017,32.894375,131.85,11.1621875,11.45,1,39.41087308,47.36177721,76.45489583,85.71,30.98177083,34.32,1,0,0,30850,13669,13669-30473-1,Laxmi Nagar,19.0740149,72.87568157,30850_13669_267
267,2,0,5,309.7,5.0,17.0,1,1,30-05-2017,51.288125,149.76,11.07458333,11.31,1,41.33553481,47.62043372,77.76395833,84.91,31.40885417,34.28,1,0,0,30850,13669,13669-30473-1,Poonam Nagar,19.077711,72.87312264,30850_13669_268
268,0,1,1,999.0,5.0,22.75098814229249,0,1,16-06-2017,71.13270833,200.22,11.08677083,11.29,1,38.66508964,46.02621345,79.47427083,88.73,30.43708333,34.06,1,0,0,30850,13669,13669-30473-1,Samarth Nagar,19.11452,72.87672882,30850_13669_269
269,0,1,7,552.09,7.0,38.0,1,1,20-06-2017,58.60375,134.28,10.61552083,11.42,1,38.94129364,44.65652393,77.07135417,89.84,30.74458333,33.52,1,0,0,30850,13669,13669-30473-1,Janata Colony,19.1540191,72.87395984,30850_13669_270
270,2,0,0,633.7,2.0,22.0,1,1,16-07-2017,97.84489583,113.82,11.056875,11.28,0,32.38096315,39.03232527,84.13239583,91.31,27.87270833,30.8,0,1,0,30850,13669,13669-30473-1,Bandrekar Wadi,19.9384357,72.87608983,30850_13669_271
271,0,0,0,943.4,10.0,31.0,1,1,03-03-2016,102.1627083,125.1,10.96958333,11.26,0,33.52302475,38.41121971,67.2396875,85.09,29.84572917,33.95,1,0,0,30850,13669,13669-30473-1,Shyam Nagar,19.9108927,72.87623133,30850_13669_272
272,1,0,7,1569.6,24.0,42.0,1,1,22-06-2016,118.3796875,159.87,11.0834375,11.22,0,32.45562645,38.44941622,92.05677083,99.85,27.55375,30.01,1,0,0,30850,13671,11932-13671-2,Squatters Colony,19.8857477,72.87600273,30850_13671_273
273,1,0,0,1401.0,9.0,16.0,1,0,29-07-2016,69.77552083,137.04,11.03916667,11.31,1,27.20552083,34.72,99.2634375,100.0,25.62072917,28.0,0,1,0,30850,13671,11932-13671-2,Harijan Nagar Nagar,19.8995617,72.87206153,30850_13671_274
274,2,0,1,641.4,3.0,39.0,1,0,24-09-2016,61.15416667,289.47,7.478645833,11.36,1,30.84578601,35.38355794,98.74520833,100.0,26.73354167,28.11,0,1,0,30850,13671,11932-13671-2,Meghwadi,19.3369794,72.8753163,30850_13671_275
275,0,0,0,245.1,1.0,22.75098814229249,1,1,04-10-2016,80.76041667,121.81,11.04979167,11.27,0,27.15715459,30.7661533,98.23958333,100.0,25.6159375,26.91,0,1,0,30850,13671,11932-13671-2,Prem Nagar,19.3370794,72.8753263,30850_13671_276
276,0,1,0,2300.0,14.0,10.0,0,1,17-11-2016,53.42041667,122.99,11.0946875,11.3,1,29.01596149,35.96891312,64.06947917,83.89,27.47604167,34.14,0,0,1,30850,13671,11932-13671-2,Seetawadi,19.3373794,72.8757263,30850_13671_277
277,1,0,7,795.1,14.0,28.0,1,0,25-11-2016,37.340625,317.0,10.15697917,11.21,1,29.25889613,36.39914559,58.83083333,68.82,27.6453125,34.13,0,0,1,30850,13671,11932-13671-2,Indira Nagar,19.3165557,72.87326973,30850_13671_278
278,1,1,0,635.0,2.0,10.0,0,1,15-12-2016,44.6934375,95.41,11.081875,11.36,0,28.41034922,34.35724807,61.45010417,73.83,27.1553125,32.85,0,0,1,30850,13671,11932-13671-2,Shankarwadi,19.3472797,72.87556003,30850_13671_279
279,0,1,7,350.0,3.0,12.0,0,1,30-03-2017,77.856875,226.77,10.96729167,11.26,1,35.04040655,43.52019559,80.65583333,87.25,29.10822917,33.28,1,0,0,30850,13671,11932-13671-2,Natwar Nagar,19.3535207,72.87592053,30850_13671_280
280,1,0,7,215.0,4.0,20.0,1,0,31-03-2017,57.0388172,172.38,11.0253125,11.33,1,34.4748285,44.24785057,72.39177083,88.33,29.76114583,34.12,1,0,0,30850,13671,11932-13671-2,Parsi Colony,19.3821999,72.87857416,30850_13671_281
281,1,0,7,2206.0,18.0,32.0,1,1,19-04-2017,91.76760417,156.35,11.2075,11.43,1,36.05568554,43.41174303,75.120625,84.86,29.94614583,33.71,1,0,0,30850,13671,11932-13671-2,Aksa Gaon,19.3853207,72.87963283,30850_13671_282
282,1,1,7,800.0,9.571917808219178,22.75098814229249,0,1,04-05-2017,90.75635417,205.94,11.05895833,11.28,1,37.1182866,43.33797919,77.6765625,86.41,30.0775,33.31,1,0,0,30850,13671,11932-13671-2,Erangal Gaon,19.3317637,72.87579723,30850_13671_283
283,0,2,7,1448.0,26.0,34.0,1,1,10-05-2017,31.57458333,100.88,10.98166667,11.47,1,37.78452896,45.9394831,75.786875,84.04,30.515,34.25,1,0,0,30850,13671,11932-13671-2,Daravali Village,19.3265227,72.87651603,30850_13671_284
284,1,1,0,1270.0,1.0,7.0,0,1,06-06-2017,81.70604167,120.5,11.12083333,11.46,0,40.24249022,45.76149507,75.10510417,84.0,31.3928125,34.49,1,0,0,30850,13671,11932-13671-2,Bhati Gaon,19.2556167,72.87132593,30850_13671_285
285,0,1,0,2125.0,13.0,11.0,0,1,29-02-2016,52.11625,139.79,11.046875,11.26,1,29.23490913,35.48708325,68.986875,86.56,27.67604167,32.85,0,0,1,30850,13671,11932-13671-2,Patil Wadi,19.2426866,72.87185115,30850_13671_286
286,1,0,0,709.1,17.0,18.0,1,0,01-03-2016,47.58907217,89.73,11.04680412,11.26,0,30.25343324,38.39506233,70.638125,83.11,27.69385417,32.64,1,0,0,30850,13671,11932-13671-2,Christian Wada,19.4316457,72.87379083,30850_13671_287
287,0,1,0,2184.0,15.0,9.0,0,1,01-03-2016,64.82041237,95.56,10.95,10.95,0,30.25343324,38.39506233,70.638125,83.11,27.69385417,32.64,1,0,0,30850,13671,11932-13671-2,Sai Wadi,19.3974857,72.87986583,30850_13671_288
288,1,2,0,499.9,11.0,24.0,1,0,13-07-2016,30.30333333,52.08,11.00572917,11.29,0,34.15697917,37.35,94.21510417,100.0,27.92395833,29.12,0,1,0,30850,13671,11932-13671-2,Harbadevi,19.4166047,72.87017483,30850_13671_289
289,0,0,7,1605.7,18.0,21.0,1,0,16-07-2016,46.4975,191.7,10.86010417,11.33,1,34.1371875,38.91,91.935,99.08,28.02822917,29.51,0,1,0,30850,13671,11932-13671-2,Pascal Wadi,19.4602457,72.87965773,30850_13671_290
290,0,0,0,1194.0,6.0,19.0,1,1,26-09-2016,100.9928125,132.92,11.0896875,11.3,0,30.55452237,36.08306235,91.98635417,97.22,26.880625,28.53,0,1,0,30850,13671,11932-13671-2,Ambu Bet,19.4619547,72.87015033,30850_13671_291
291,0,1,0,533.1,5.0,22.75098814229249,0,1,26-10-2016,39.32166667,160.26,11.08791667,11.31,1,29.94409723,39.28861593,77.14260417,90.13,27.41541667,32.9,0,1,0,30850,13671,11932-13671-2,Mangroves Forest,19.069158,72.87660398,30850_13671_292
292,1,1,0,1244.9,5.0,12.0,0,1,02-11-2016,58.9209375,65.27,11.00072917,11.22,0,30.42832077,38.12012101,61.729375,70.8,28.33260417,34.08,0,0,1,30850,13671,11932-13671-2,Udyog Nagar,19.9261118,72.87819933,30850_13671_293
293,1,1,0,1820.0,8.0,5.0,0,1,22-02-2017,75.60677083,135.01,11.06458333,11.36,0,28.12921059,34.5899321,67.82645833,81.16,26.738125,31.4,0,0,1,30850,13671,11932-13671-2,Piramal Nagar,19.3601427,72.87614333,30850_13671_294
294,0,1,0,343.0,3.0,12.0,0,1,10-03-2017,119.9727083,155.91,11.10729167,11.36,0,27.50791977,31.9489353,67.22833333,80.41,26.20072917,29.64,1,0,0,30850,13671,11932-13671-2,Jawahar Nagar,19.4601457,72.87964773,30850_13671_295
295,1,0,0,1276.3,6.0,22.0,1,0,05-04-2017,63.178125,137.34,11.044375,11.31,1,34.50030937,41.86129546,74.84083333,83.34,29.38291667,33.5,1,0,0,30850,13671,11932-13671-2,Siddharth Nagar,19.5505727,72.87288663,30850_13671_296
296,1,0,0,1276.3,6.0,22.0,1,0,10-04-2017,60.29552083,131.87,11.0675,11.28,1,34.33090538,44.26299916,62.24020833,78.17,30.3715625,35.04,1,0,0,30850,13671,11932-13671-2,Pathan Wadi,19.5512727,72.87295663,30850_13671_297
297,0,0,0,387.1,0.0,18.0,1,1,03-02-2016,94.0521875,117.08,11.0921875,11.31,0,26.41326774,32.26638985,62.98625,74.9,25.35083333,30.98,0,0,1,30850,13671,11932-13671-2,Dindoshipada,19.0402266,72.87722231,30850_13671_298
298,0,0,7,1078.1,11.0,24.0,1,0,20-04-2016,71.31958333,200.56,11.07083333,11.38,1,36.2644263,44.11442167,81.26010417,92.33,29.496875,32.78,1,0,0,30850,13671,11932-13671-2,SV Patel Nagar,19.9095737,72.87947903,30850_13671_299
299,0,1,7,750.0,7.0,42.0,1,0,27-05-2016,73.885625,173.94,10.9821875,11.26,1,42.34956794,49.03189411,81.31739583,88.75,31.3375,34.09,1,0,0,30850,13671,11932-13671-2,BandraKurlaComplex,19.3368794,72.8753063,30850_13671_300
